Year,1660,1670,1680,1690,1700,1710,1720,1730,1740,1750,1760,1770,1780,1790,1800,1810,1820,1830,1840,1850,1860,1870,1880,1890,1900,1910,1920
-----,-----,-----,-----,-----,-----,-----,-----,-----,-----,-----,-----,-----,-----,-----,-----,-----,-----,-----,-----,-----,-----,-----,-----,-----,-----,-----
OCCURRENCES AS PRIMARY TOPIC
Geography,0,0,2,1,0,1,3,0,3,2,2,11,8,7,7,14,5,16,7,21,24,33,17,14,14,8,4
Thermodynamics,0,0,0,0,0,0,0,0,0,0,1,0,0,0,1,0,7,2,7,31,49,38,53,94,146,108,9
Electricity,0,0,0,0,0,0,0,0,1,0,0,1,1,0,1,1,9,29,16,41,25,39,83,80,91,62,7
Formulae,2,1,3,6,4,5,6,4,4,10,7,20,18,11,13,24,7,26,6,71,84,32,28,22,34,48,4
Tables,0,0,0,0,0,0,0,0,0,0,0,0,0,0,0,0,0,4,0,1,5,27,18,44,80,113,11
Fluid Dynamics,0,0,2,0,0,0,6,6,3,2,3,6,3,6,7,1,4,8,4,24,23,27,38,36,57,104,13
Meteorology,1,1,1,4,6,0,3,15,7,9,13,34,19,10,5,4,25,33,31,46,80,43,21,14,33,23,2
Atomic Physics,0,0,0,0,0,0,0,0,0,0,0,0,0,0,0,0,0,0,0,0,17,33,29,50,94,143,15
Chemistry 1,10,27,17,22,50,16,25,38,53,51,40,76,76,58,64,47,33,18,9,10,8,3,2,0,0,0,0
Chemistry 2,0,0,0,0,0,0,0,0,0,0,0,0,0,0,11,16,13,13,26,129,186,61,55,28,50,32,0
Astronomy,27,22,22,12,12,25,46,50,39,43,128,60,65,50,26,37,59,19,6,20,48,9,5,11,17,0,1
Optics,1,8,0,2,0,3,4,4,1,2,3,0,5,5,14,21,14,24,17,27,39,31,37,34,48,70,2
Biography,0,0,0,0,0,1,0,0,0,0,0,3,17,1,0,2,1,21,12,38,40,19,19,19,8,14,1
Biochemistry,0,0,0,0,0,0,0,0,1,0,0,0,0,0,0,0,0,0,1,3,4,3,7,16,85,120,12
Measurement,4,5,6,5,1,8,19,19,15,13,10,18,14,7,4,11,33,21,7,25,32,25,27,30,50,51,2
Biology 3,0,0,0,0,0,0,0,0,1,0,0,0,0,0,0,0,0,6,17,23,16,34,23,26,43,29,6
Biology 1,0,0,1,2,0,1,4,0,1,2,2,8,8,2,3,3,5,2,0,3,2,1,6,23,40,35,3
Agriculture,0,0,0,1,0,0,1,0,1,1,1,0,1,5,1,0,0,1,1,1,5,3,7,1,9,7,1
Reporting,202,197,135,201,177,80,90,133,259,226,126,101,30,18,1,1,2,1,5,1,2,0,0,0,0,0,0
Botany 1,0,0,0,0,0,0,0,0,0,0,0,0,0,0,0,0,0,0,0,5,2,10,11,19,29,24,3
Immunology,0,0,0,0,0,0,0,0,0,0,0,0,0,0,0,0,0,0,0,0,0,14,21,20,51,121,0
Nervous System,0,0,0,0,0,0,0,0,0,0,0,0,0,0,0,0,0,0,4,18,9,13,26,42,37,37,0
Physiology,0,0,0,0,0,0,0,0,0,0,0,0,0,0,0,0,0,0,0,4,9,14,21,27,88,85,1
Paleontology,0,0,0,0,0,0,0,0,0,3,2,0,1,0,0,4,2,6,9,39,17,31,16,17,15,12,2
Headmatter,0,0,1,1,1,0,0,0,0,0,0,0,0,1,0,0,0,0,0,1,1,4,6,2,2,0,0
Neurology,0,0,0,0,0,0,0,1,0,0,0,0,0,0,0,0,0,8,8,7,19,3,13,15,17,12,0
Biology 2,21,25,33,57,68,28,67,64,88,97,50,52,24,34,58,64,62,23,15,24,20,5,1,1,0,0,0
Botany 2,2,5,2,14,12,11,10,8,11,22,18,17,7,2,2,1,0,2,0,1,1,35,1,0,5,2,0
Anatomy 2,0,0,0,0,0,1,0,0,1,0,1,1,3,2,2,9,5,0,7,17,20,27,31,17,10,4,1
Anatomy 1,0,0,0,0,0,0,0,0,0,0,0,0,0,0,1,0,0,0,1,5,3,10,19,6,4,5,1
-----,-----,-----,-----,-----,-----,-----,-----,-----,-----,-----,-----,-----,-----,-----,-----,-----,-----,-----,-----,-----,-----,-----,-----,-----,-----,-----
OCCURRENCES AS SECONDARY TOPIC
Geography,13,21,15,26,27,18,12,11,21,42,26,19,8,7,4,6,8,6,8,21,24,26,15,11,17,17,0
Thermodynamics,0,1,3,1,1,2,2,1,0,0,1,2,13,2,8,12,13,4,5,51,64,61,65,57,126,111,11
Electricity,0,0,0,0,2,0,0,3,4,4,3,11,8,2,4,3,11,9,12,21,21,22,38,49,70,56,9
Formulae,3,2,5,3,0,1,0,2,3,7,12,8,10,7,1,6,13,15,14,25,30,17,19,18,15,25,1
Tables,1,1,0,1,1,2,1,0,1,1,3,4,8,2,2,9,4,6,13,37,73,78,101,145,237,335,31
Fluid Dynamics,0,0,1,0,3,0,9,7,3,7,7,3,12,8,11,8,17,25,12,47,48,29,32,26,48,59,5
Meteorology,15,4,12,8,10,2,11,10,25,23,29,19,13,10,2,9,20,18,6,19,16,24,14,11,19,17,3
Atomic Physics,0,0,0,1,0,0,0,0,0,0,0,0,0,0,0,0,0,0,0,1,27,10,15,16,55,71,10
Chemistry 1,57,43,32,36,31,14,21,32,42,41,20,45,21,23,35,46,45,50,34,63,58,26,5,3,6,3,0
Chemistry 2,0,1,0,1,1,0,1,2,0,2,6,6,21,21,39,27,13,11,13,15,30,35,54,37,94,97,2
Astronomy,21,14,7,9,6,13,12,21,27,22,14,24,13,7,16,18,24,39,11,21,40,11,15,22,23,11,1
Optics,9,9,3,3,4,3,9,8,9,5,13,11,14,22,17,15,11,9,8,19,45,28,25,30,51,39,1
Biography,8,7,4,15,19,3,5,15,34,31,26,25,20,7,11,18,13,19,10,74,87,47,26,30,35,29,1
Biochemistry,0,0,0,0,0,1,0,0,0,0,0,0,0,0,0,0,0,0,3,3,5,4,13,21,55,76,1
Measurement,11,15,19,17,15,6,10,39,32,26,24,36,17,19,9,7,28,12,7,36,48,36,43,37,45,42,3
Biology 3,0,0,0,0,0,0,0,0,2,1,2,0,1,2,2,10,10,4,9,24,19,21,31,31,57,66,2
Biology 1,2,2,1,2,1,0,3,6,3,7,3,9,3,4,2,0,3,2,0,7,9,4,8,16,27,22,6
Agriculture,2,4,0,2,5,1,1,0,0,2,1,3,0,31,1,1,0,1,1,14,27,5,2,6,6,9,0
Reporting,62,84,75,100,128,72,127,127,171,178,145,126,79,23,9,14,9,14,5,8,8,3,4,5,4,1,0
Botany 1,0,0,0,0,0,0,0,0,1,0,1,0,0,0,1,0,0,0,0,2,6,11,3,4,9,6,1
Immunology,0,0,1,0,0,1,2,0,2,2,2,0,1,0,0,0,0,0,0,1,1,9,5,9,30,43,2
Nervous System,0,0,0,0,0,0,0,0,2,2,1,1,0,4,1,8,6,6,2,11,10,7,10,28,26,21,0
Physiology,2,0,2,0,1,2,0,0,0,0,0,0,0,0,0,8,2,3,2,5,8,11,18,12,45,44,2
Paleontology,0,0,0,0,0,0,1,0,6,8,4,2,2,0,2,3,5,3,3,11,4,25,12,5,7,10,2
Headmatter,0,1,4,3,1,0,2,2,2,6,7,6,4,1,0,0,3,3,2,8,10,13,14,14,13,7,0
Neurology,0,1,1,0,2,2,5,0,1,0,8,2,2,2,11,4,8,2,2,15,17,13,11,30,14,17,2
Biology 2,39,47,27,59,55,16,24,40,62,38,32,26,14,7,11,16,8,20,29,56,34,18,15,15,7,14,1
Botany 2,25,34,12,36,16,16,20,11,29,23,11,14,12,4,11,3,2,1,0,6,4,14,0,3,5,5,0
Anatomy 2,0,0,1,5,2,4,6,5,6,5,6,5,3,4,9,7,10,1,2,7,11,14,12,10,6,9,3
Anatomy 1,0,0,0,0,0,1,0,0,1,0,0,1,1,0,2,2,0,0,3,8,6,5,16,7,5,7,1
-----,-----,-----,-----,-----,-----,-----,-----,-----,-----,-----,-----,-----,-----,-----,-----,-----,-----,-----,-----,-----,-----,-----,-----,-----,-----,-----
SHARE OF PRIMARY TOPIC REFERENCES
Geography,0.0,0.0,0.008888888888888889,0.003048780487804878,0.0,0.005555555555555556,0.01056338028169014,0.0,0.006134969325153374,0.004140786749482402,0.004914004914004914,0.02696078431372549,0.02666666666666667,0.0319634703196347,0.03167420814479638,0.05384615384615385,0.017482517482517484,0.05653710247349823,0.032407407407407406,0.0330188679245283,0.030379746835443037,0.05263157894736842,0.0265210608424337,0.01977401129943503,0.012100259291270527,0.006304176516942475,0.039603960396039604
Thermodynamics,0.0,0.0,0.0,0.0,0.0,0.0,0.0,0.0,0.0,0.0,0.002457002457002457,0.0,0.0,0.0,0.004524886877828055,0.0,0.024475524475524476,0.007067137809187279,0.032407407407407406,0.04874213836477988,0.0620253164556962,0.06060606060606061,0.08268330733229329,0.1327683615819209,0.12618841832324978,0.0851063829787234,0.0891089108910891
Electricity,0.0,0.0,0.0,0.0,0.0,0.0,0.0,0.0,0.002044989775051125,0.0,0.0,0.0024509803921568627,0.0033333333333333335,0.0,0.004524886877828055,0.0038461538461538464,0.03146853146853147,0.10247349823321555,0.07407407407407407,0.06446540880503145,0.03164556962025317,0.06220095693779904,0.1294851794071763,0.11299435028248588,0.07865168539325842,0.04885736800630418,0.06930693069306931
Formulae,0.007407407407407408,0.003436426116838488,0.013333333333333334,0.018292682926829267,0.012084592145015106,0.027777777777777776,0.02112676056338028,0.011695906432748537,0.0081799591002045,0.020703933747412008,0.0171990171990172,0.049019607843137254,0.06,0.0502283105022831,0.058823529411764705,0.09230769230769231,0.024475524475524476,0.09187279151943463,0.027777777777777776,0.11163522012578617,0.10632911392405063,0.051036682615629984,0.0436817472698908,0.031073446327683617,0.029386343993085567,0.037825059101654845,0.039603960396039604
Tables,0.0,0.0,0.0,0.0,0.0,0.0,0.0,0.0,0.0,0.0,0.0,0.0,0.0,0.0,0.0,0.0,0.0,0.014134275618374558,0.0,0.0015723270440251573,0.006329113924050633,0.0430622009569378,0.028081123244929798,0.062146892655367235,0.06914433880726016,0.08904649330181245,0.10891089108910891
Fluid Dynamics,0.0,0.0,0.008888888888888889,0.0,0.0,0.0,0.02112676056338028,0.017543859649122806,0.006134969325153374,0.004140786749482402,0.007371007371007371,0.014705882352941176,0.01,0.0273972602739726,0.03167420814479638,0.0038461538461538464,0.013986013986013986,0.028268551236749116,0.018518518518518517,0.03773584905660377,0.02911392405063291,0.0430622009569378,0.059282371294851796,0.05084745762711865,0.049265341400172864,0.08195429472025216,0.12871287128712872
Meteorology,0.003703703703703704,0.003436426116838488,0.0044444444444444444,0.012195121951219513,0.01812688821752266,0.0,0.01056338028169014,0.043859649122807015,0.014314928425357873,0.018633540372670808,0.03194103194103194,0.08333333333333333,0.06333333333333334,0.045662100456621,0.02262443438914027,0.015384615384615385,0.08741258741258741,0.1166077738515901,0.14351851851851852,0.07232704402515723,0.10126582278481013,0.0685805422647528,0.0327613104524181,0.01977401129943503,0.028522039757994815,0.018124507486209612,0.019801980198019802
Atomic Physics,0.0,0.0,0.0,0.0,0.0,0.0,0.0,0.0,0.0,0.0,0.0,0.0,0.0,0.0,0.0,0.0,0.0,0.0,0.0,0.0,0.021518987341772152,0.05263157894736842,0.0452418096723869,0.07062146892655367,0.08124459809853068,0.11268715524034673,0.1485148514851485
Chemistry 1,0.037037037037037035,0.09278350515463918,0.07555555555555556,0.06707317073170732,0.1510574018126888,0.08888888888888889,0.0880281690140845,0.1111111111111111,0.1083844580777096,0.10559006211180125,0.09828009828009827,0.18627450980392157,0.25333333333333335,0.2648401826484018,0.2895927601809955,0.18076923076923077,0.11538461538461539,0.0636042402826855,0.041666666666666664,0.015723270440251572,0.010126582278481013,0.004784688995215311,0.0031201248049922,0.0,0.0,0.0,0.0
Chemistry 2,0.0,0.0,0.0,0.0,0.0,0.0,0.0,0.0,0.0,0.0,0.0,0.0,0.0,0.0,0.049773755656108594,0.06153846153846154,0.045454545454545456,0.045936395759717315,0.12037037037037036,0.2028301886792453,0.23544303797468355,0.09728867623604466,0.08580343213728549,0.03954802259887006,0.043215211754537596,0.0252167060677699,0.0
Astronomy,0.1,0.07560137457044673,0.09777777777777778,0.036585365853658534,0.03625377643504532,0.1388888888888889,0.1619718309859155,0.14619883040935672,0.07975460122699386,0.08902691511387163,0.3144963144963145,0.14705882352941177,0.21666666666666667,0.228310502283105,0.11764705882352941,0.1423076923076923,0.2062937062937063,0.06713780918727916,0.027777777777777776,0.031446540880503145,0.060759493670886074,0.014354066985645933,0.0078003120124804995,0.015536723163841809,0.014693171996542784,0.0,0.009900990099009901
Optics,0.003703703703703704,0.027491408934707903,0.0,0.006097560975609756,0.0,0.016666666666666666,0.014084507042253521,0.011695906432748537,0.002044989775051125,0.004140786749482402,0.007371007371007371,0.0,0.016666666666666666,0.0228310502283105,0.06334841628959276,0.08076923076923077,0.04895104895104895,0.08480565371024736,0.0787037037037037,0.04245283018867924,0.049367088607594936,0.049441786283891544,0.057722308892355696,0.0480225988700565,0.04148660328435609,0.055161544523246654,0.019801980198019802
Biography,0.0,0.0,0.0,0.0,0.0,0.005555555555555556,0.0,0.0,0.0,0.0,0.0,0.007352941176470588,0.056666666666666664,0.0045662100456621,0.0,0.007692307692307693,0.0034965034965034965,0.07420494699646643,0.05555555555555555,0.059748427672955975,0.05063291139240506,0.030303030303030304,0.029641185647425898,0.026836158192090395,0.006914433880726016,0.01103230890464933,0.009900990099009901
Biochemistry,0.0,0.0,0.0,0.0,0.0,0.0,0.0,0.0,0.002044989775051125,0.0,0.0,0.0,0.0,0.0,0.0,0.0,0.0,0.0,0.004629629629629629,0.0047169811320754715,0.005063291139240506,0.004784688995215311,0.0109204368174727,0.022598870056497175,0.07346585998271392,0.09456264775413711,0.1188118811881188
Measurement,0.014814814814814815,0.01718213058419244,0.02666666666666667,0.01524390243902439,0.0030211480362537764,0.044444444444444446,0.06690140845070422,0.05555555555555555,0.03067484662576687,0.026915113871635612,0.02457002457002457,0.04411764705882353,0.04666666666666667,0.0319634703196347,0.01809954751131222,0.04230769230769231,0.11538461538461539,0.07420494699646643,0.032407407407407406,0.03930817610062893,0.04050632911392405,0.03987240829346093,0.0421216848673947,0.0423728813559322,0.043215211754537596,0.04018912529550828,0.019801980198019802
Biology 3,0.0,0.0,0.0,0.0,0.0,0.0,0.0,0.0,0.002044989775051125,0.0,0.0,0.0,0.0,0.0,0.0,0.0,0.0,0.02120141342756184,0.0787037037037037,0.036163522012578615,0.020253164556962026,0.05422647527910686,0.0358814352574103,0.03672316384180791,0.037165082108902334,0.022852639873916468,0.0594059405940594
Biology 1,0.0,0.0,0.0044444444444444444,0.006097560975609756,0.0,0.005555555555555556,0.014084507042253521,0.0,0.002044989775051125,0.004140786749482402,0.004914004914004914,0.0196078431372549,0.02666666666666667,0.0091324200913242,0.013574660633484163,0.011538461538461539,0.017482517482517484,0.007067137809187279,0.0,0.0047169811320754715,0.002531645569620253,0.001594896331738437,0.0093603744149766,0.03248587570621469,0.03457216940363008,0.027580772261623327,0.0297029702970297
Agriculture,0.0,0.0,0.0,0.003048780487804878,0.0,0.0,0.0035211267605633804,0.0,0.002044989775051125,0.002070393374741201,0.002457002457002457,0.0,0.0033333333333333335,0.0228310502283105,0.004524886877828055,0.0,0.0,0.0035335689045936395,0.004629629629629629,0.0015723270440251573,0.006329113924050633,0.004784688995215311,0.0109204368174727,0.0014124293785310734,0.007778738115816767,0.005516154452324665,0.009900990099009901
Reporting,0.7481481481481481,0.6769759450171822,0.6,0.6128048780487805,0.5347432024169184,0.4444444444444444,0.31690140845070425,0.3888888888888889,0.5296523517382413,0.46790890269151136,0.3095823095823096,0.24754901960784315,0.1,0.0821917808219178,0.004524886877828055,0.0038461538461538464,0.006993006993006993,0.0035335689045936395,0.023148148148148147,0.0015723270440251573,0.002531645569620253,0.0,0.0,0.0,0.0,0.0,0.0
Botany 1,0.0,0.0,0.0,0.0,0.0,0.0,0.0,0.0,0.0,0.0,0.0,0.0,0.0,0.0,0.0,0.0,0.0,0.0,0.0,0.007861635220125786,0.002531645569620253,0.01594896331738437,0.0171606864274571,0.026836158192090395,0.025064822817631807,0.018912529550827423,0.0297029702970297
Immunology,0.0,0.0,0.0,0.0,0.0,0.0,0.0,0.0,0.0,0.0,0.0,0.0,0.0,0.0,0.0,0.0,0.0,0.0,0.0,0.0,0.0,0.022328548644338118,0.0327613104524181,0.02824858757062147,0.04407951598962835,0.09535066981875492,0.0
Nervous System,0.0,0.0,0.0,0.0,0.0,0.0,0.0,0.0,0.0,0.0,0.0,0.0,0.0,0.0,0.0,0.0,0.0,0.0,0.018518518518518517,0.02830188679245283,0.01139240506329114,0.02073365231259968,0.0405616224648986,0.059322033898305086,0.03197925669835782,0.029156816390858944,0.0
Physiology,0.0,0.0,0.0,0.0,0.0,0.0,0.0,0.0,0.0,0.0,0.0,0.0,0.0,0.0,0.0,0.0,0.0,0.0,0.0,0.006289308176100629,0.01139240506329114,0.022328548644338118,0.0327613104524181,0.038135593220338986,0.07605877268798616,0.06698187549251379,0.009900990099009901
Paleontology,0.0,0.0,0.0,0.0,0.0,0.0,0.0,0.0,0.0,0.006211180124223602,0.004914004914004914,0.0,0.0033333333333333335,0.0,0.0,0.015384615384615385,0.006993006993006993,0.02120141342756184,0.041666666666666664,0.06132075471698113,0.021518987341772152,0.049441786283891544,0.0249609984399376,0.02401129943502825,0.01296456352636128,0.009456264775413711,0.019801980198019802
Headmatter,0.0,0.0,0.0044444444444444444,0.003048780487804878,0.0030211480362537764,0.0,0.0,0.0,0.0,0.0,0.0,0.0,0.0,0.0045662100456621,0.0,0.0,0.0,0.0,0.0,0.0015723270440251573,0.0012658227848101266,0.006379585326953748,0.0093603744149766,0.002824858757062147,0.001728608470181504,0.0,0.0
Neurology,0.0,0.0,0.0,0.0,0.0,0.0,0.0,0.0029239766081871343,0.0,0.0,0.0,0.0,0.0,0.0,0.0,0.0,0.0,0.028268551236749116,0.037037037037037035,0.0110062893081761,0.024050632911392405,0.004784688995215311,0.0202808112324493,0.0211864406779661,0.014693171996542784,0.009456264775413711,0.0
Biology 2,0.07777777777777778,0.0859106529209622,0.14666666666666667,0.17378048780487804,0.2054380664652568,0.15555555555555556,0.23591549295774647,0.1871345029239766,0.17995910020449898,0.20082815734989648,0.12285012285012285,0.12745098039215685,0.08,0.1552511415525114,0.26244343891402716,0.24615384615384617,0.21678321678321677,0.0812720848056537,0.06944444444444445,0.03773584905660377,0.02531645569620253,0.007974481658692184,0.0015600624024961,0.0014124293785310734,0.0,0.0,0.0
Botany 2,0.007407407407407408,0.01718213058419244,0.008888888888888889,0.042682926829268296,0.03625377643504532,0.06111111111111111,0.035211267605633804,0.023391812865497075,0.022494887525562373,0.045548654244306416,0.044226044226044224,0.041666666666666664,0.023333333333333334,0.0091324200913242,0.00904977375565611,0.0038461538461538464,0.0,0.007067137809187279,0.0,0.0015723270440251573,0.0012658227848101266,0.05582137161084529,0.0015600624024961,0.0,0.00432152117545376,0.0015760441292356187,0.0
Anatomy 2,0.0,0.0,0.0,0.0,0.0,0.005555555555555556,0.0,0.0,0.002044989775051125,0.0,0.002457002457002457,0.0024509803921568627,0.01,0.0091324200913242,0.00904977375565611,0.03461538461538462,0.017482517482517484,0.0,0.032407407407407406,0.026729559748427674,0.02531645569620253,0.0430622009569378,0.0483619344773791,0.02401129943502825,0.00864304235090752,0.0031520882584712374,0.009900990099009901
Anatomy 1,0.0,0.0,0.0,0.0,0.0,0.0,0.0,0.0,0.0,0.0,0.0,0.0,0.0,0.0,0.004524886877828055,0.0,0.0,0.0,0.004629629629629629,0.007861635220125786,0.0037974683544303796,0.01594896331738437,0.029641185647425898,0.00847457627118644,0.003457216940363008,0.003940110323089046,0.009900990099009901
-----,-----,-----,-----,-----,-----,-----,-----,-----,-----,-----,-----,-----,-----,-----,-----,-----,-----,-----,-----,-----,-----,-----,-----,-----,-----,-----
SHARE OF SECONDARY TOPIC REFERENCES
Geography,0.04814814814814815,0.07216494845360824,0.06666666666666667,0.07926829268292683,0.08157099697885196,0.1,0.04225352112676056,0.03216374269005848,0.04294478527607362,0.08695652173913043,0.06388206388206388,0.04656862745098039,0.02666666666666667,0.0319634703196347,0.01809954751131222,0.023076923076923078,0.027972027972027972,0.02120141342756184,0.037037037037037035,0.0330188679245283,0.030379746835443037,0.04146730462519936,0.0234009360374415,0.015536723163841809,0.014693171996542784,0.013396375098502758,0.0
Thermodynamics,0.0,0.003436426116838488,0.013333333333333334,0.003048780487804878,0.0030211480362537764,0.011111111111111112,0.007042253521126761,0.0029239766081871343,0.0,0.0,0.002457002457002457,0.004901960784313725,0.043333333333333335,0.0091324200913242,0.03619909502262444,0.046153846153846156,0.045454545454545456,0.014134275618374558,0.023148148148148147,0.08018867924528301,0.0810126582278481,0.09728867623604466,0.10140405616224649,0.08050847457627118,0.10890233362143474,0.08747044917257683,0.10891089108910891
Electricity,0.0,0.0,0.0,0.0,0.006042296072507553,0.0,0.0,0.008771929824561403,0.0081799591002045,0.008281573498964804,0.007371007371007371,0.02696078431372549,0.02666666666666667,0.0091324200913242,0.01809954751131222,0.011538461538461539,0.038461538461538464,0.03180212014134275,0.05555555555555555,0.0330188679245283,0.026582278481012658,0.03508771929824561,0.059282371294851796,0.0692090395480226,0.06050129645635264,0.04412923561859732,0.0891089108910891
Formulae,0.011111111111111112,0.006872852233676976,0.022222222222222223,0.009146341463414634,0.0,0.005555555555555556,0.0,0.005847953216374269,0.006134969325153374,0.014492753623188406,0.029484029484029485,0.0196078431372549,0.03333333333333333,0.0319634703196347,0.004524886877828055,0.023076923076923078,0.045454545454545456,0.053003533568904596,0.06481481481481481,0.03930817610062893,0.0379746835443038,0.02711323763955343,0.029641185647425898,0.025423728813559324,0.01296456352636128,0.019700551615445233,0.009900990099009901
Tables,0.003703703703703704,0.003436426116838488,0.0,0.003048780487804878,0.0030211480362537764,0.011111111111111112,0.0035211267605633804,0.0,0.002044989775051125,0.002070393374741201,0.007371007371007371,0.00980392156862745,0.02666666666666667,0.0091324200913242,0.00904977375565611,0.03461538461538462,0.013986013986013986,0.02120141342756184,0.06018518518518518,0.05817610062893082,0.09240506329113925,0.12440191387559808,0.15756630265210608,0.20480225988700565,0.2048401037165082,0.2639873916469661,0.3069306930693069
Fluid Dynamics,0.0,0.0,0.0044444444444444444,0.0,0.00906344410876133,0.0,0.03169014084507042,0.02046783625730994,0.006134969325153374,0.014492753623188406,0.0171990171990172,0.007352941176470588,0.04,0.0365296803652968,0.049773755656108594,0.03076923076923077,0.05944055944055944,0.08833922261484099,0.05555555555555555,0.07389937106918239,0.060759493670886074,0.046251993620414676,0.0499219968798752,0.03672316384180791,0.04148660328435609,0.046493301812450746,0.04950495049504951
Meteorology,0.05555555555555555,0.013745704467353952,0.05333333333333334,0.024390243902439025,0.030211480362537766,0.011111111111111112,0.03873239436619718,0.029239766081871343,0.05112474437627812,0.047619047619047616,0.07125307125307126,0.04656862745098039,0.043333333333333335,0.045662100456621,0.00904977375565611,0.03461538461538462,0.06993006993006994,0.0636042402826855,0.027777777777777776,0.029874213836477988,0.020253164556962026,0.03827751196172249,0.0218408736349454,0.015536723163841809,0.016421780466724288,0.013396375098502758,0.0297029702970297
Atomic Physics,0.0,0.0,0.0,0.003048780487804878,0.0,0.0,0.0,0.0,0.0,0.0,0.0,0.0,0.0,0.0,0.0,0.0,0.0,0.0,0.0,0.0015723270440251573,0.03417721518987342,0.01594896331738437,0.0234009360374415,0.022598870056497175,0.04753673292999136,0.05594956658786446,0.09900990099009901
Chemistry 1,0.2111111111111111,0.14776632302405499,0.14222222222222222,0.10975609756097561,0.09365558912386707,0.07777777777777778,0.07394366197183098,0.0935672514619883,0.08588957055214724,0.08488612836438923,0.04914004914004914,0.11029411764705882,0.07,0.1050228310502283,0.1583710407239819,0.17692307692307693,0.15734265734265734,0.17667844522968199,0.1574074074074074,0.09905660377358491,0.07341772151898734,0.04146730462519936,0.0078003120124804995,0.00423728813559322,0.005185825410544511,0.002364066193853428,0.0
Chemistry 2,0.0,0.003436426116838488,0.0,0.003048780487804878,0.0030211480362537764,0.0,0.0035211267605633804,0.005847953216374269,0.0,0.004140786749482402,0.014742014742014743,0.014705882352941176,0.07,0.0958904109589041,0.17647058823529413,0.10384615384615385,0.045454545454545456,0.038869257950530034,0.06018518518518518,0.02358490566037736,0.0379746835443038,0.05582137161084529,0.0842433697347894,0.052259887005649715,0.08124459809853068,0.0764381402679275,0.019801980198019802
Astronomy,0.07777777777777778,0.048109965635738834,0.03111111111111111,0.027439024390243903,0.01812688821752266,0.07222222222222222,0.04225352112676056,0.06140350877192982,0.05521472392638037,0.045548654244306416,0.0343980343980344,0.058823529411764705,0.043333333333333335,0.0319634703196347,0.07239819004524888,0.06923076923076923,0.08391608391608392,0.13780918727915195,0.05092592592592592,0.0330188679245283,0.05063291139240506,0.017543859649122806,0.0234009360374415,0.031073446327683617,0.019878997407087293,0.008668242710795903,0.009900990099009901
Optics,0.03333333333333333,0.030927835051546393,0.013333333333333334,0.009146341463414634,0.012084592145015106,0.016666666666666666,0.03169014084507042,0.023391812865497075,0.018404907975460124,0.010351966873706004,0.03194103194103194,0.02696078431372549,0.04666666666666667,0.1004566210045662,0.07692307692307693,0.057692307692307696,0.038461538461538464,0.03180212014134275,0.037037037037037035,0.029874213836477988,0.056962025316455694,0.044657097288676235,0.0390015600624025,0.0423728813559322,0.04407951598962835,0.030732860520094562,0.009900990099009901
Biography,0.02962962962962963,0.024054982817869417,0.017777777777777778,0.04573170731707317,0.05740181268882175,0.016666666666666666,0.017605633802816902,0.043859649122807015,0.06952965235173825,0.06418219461697723,0.06388206388206388,0.061274509803921566,0.06666666666666667,0.0319634703196347,0.049773755656108594,0.06923076923076923,0.045454545454545456,0.06713780918727916,0.046296296296296294,0.11635220125786164,0.11012658227848102,0.07496012759170653,0.0405616224648986,0.0423728813559322,0.03025064822817632,0.022852639873916468,0.009900990099009901
Biochemistry,0.0,0.0,0.0,0.0,0.0,0.005555555555555556,0.0,0.0,0.0,0.0,0.0,0.0,0.0,0.0,0.0,0.0,0.0,0.0,0.013888888888888888,0.0047169811320754715,0.006329113924050633,0.006379585326953748,0.0202808112324493,0.029661016949152543,0.04753673292999136,0.05988967691095351,0.009900990099009901
Measurement,0.040740740740740744,0.05154639175257732,0.08444444444444445,0.051829268292682924,0.045317220543806644,0.03333333333333333,0.035211267605633804,0.11403508771929824,0.065439672801636,0.053830227743271224,0.05896805896805897,0.08823529411764706,0.056666666666666664,0.0867579908675799,0.04072398190045249,0.026923076923076925,0.0979020979020979,0.04240282685512368,0.032407407407407406,0.05660377358490566,0.060759493670886074,0.05741626794258373,0.06708268330733229,0.052259887005649715,0.03889369057908384,0.03309692671394799,0.0297029702970297
Biology 3,0.0,0.0,0.0,0.0,0.0,0.0,0.0,0.0,0.00408997955010225,0.002070393374741201,0.004914004914004914,0.0,0.0033333333333333335,0.0091324200913242,0.00904977375565611,0.038461538461538464,0.03496503496503497,0.014134275618374558,0.041666666666666664,0.03773584905660377,0.024050632911392405,0.03349282296650718,0.0483619344773791,0.043785310734463276,0.049265341400172864,0.05200945626477541,0.019801980198019802
Biology 1,0.007407407407407408,0.006872852233676976,0.0044444444444444444,0.006097560975609756,0.0030211480362537764,0.0,0.01056338028169014,0.017543859649122806,0.006134969325153374,0.014492753623188406,0.007371007371007371,0.022058823529411766,0.01,0.0182648401826484,0.00904977375565611,0.0,0.01048951048951049,0.007067137809187279,0.0,0.0110062893081761,0.01139240506329114,0.006379585326953748,0.0124804992199688,0.022598870056497175,0.023336214347450302,0.017336485421591805,0.0594059405940594
Agriculture,0.007407407407407408,0.013745704467353952,0.0,0.006097560975609756,0.015105740181268883,0.005555555555555556,0.0035211267605633804,0.0,0.0,0.004140786749482402,0.002457002457002457,0.007352941176470588,0.0,0.1415525114155251,0.004524886877828055,0.0038461538461538464,0.0,0.0035335689045936395,0.004629629629629629,0.0220125786163522,0.03417721518987342,0.007974481658692184,0.0031201248049922,0.00847457627118644,0.005185825410544511,0.0070921985815602835,0.0
Reporting,0.22962962962962963,0.28865979381443296,0.3333333333333333,0.3048780487804878,0.3867069486404834,0.4,0.4471830985915493,0.3713450292397661,0.3496932515337423,0.36853002070393376,0.35626535626535627,0.3088235294117647,0.2633333333333333,0.1050228310502283,0.04072398190045249,0.05384615384615385,0.03146853146853147,0.04946996466431095,0.023148148148148147,0.012578616352201259,0.010126582278481013,0.004784688995215311,0.0062402496099844,0.007062146892655367,0.003457216940363008,0.0007880220646178094,0.0
Botany 1,0.0,0.0,0.0,0.0,0.0,0.0,0.0,0.0,0.002044989775051125,0.0,0.002457002457002457,0.0,0.0,0.0,0.004524886877828055,0.0,0.0,0.0,0.0,0.0031446540880503146,0.007594936708860759,0.017543859649122806,0.0046801872074883,0.005649717514124294,0.007778738115816767,0.004728132387706856,0.009900990099009901
Immunology,0.0,0.0,0.0044444444444444444,0.0,0.0,0.005555555555555556,0.007042253521126761,0.0,0.00408997955010225,0.004140786749482402,0.004914004914004914,0.0,0.0033333333333333335,0.0,0.0,0.0,0.0,0.0,0.0,0.0015723270440251573,0.0012658227848101266,0.014354066985645933,0.0078003120124804995,0.012711864406779662,0.02592912705272256,0.0338849487785658,0.019801980198019802
Nervous System,0.0,0.0,0.0,0.0,0.0,0.0,0.0,0.0,0.00408997955010225,0.004140786749482402,0.002457002457002457,0.0024509803921568627,0.0,0.0182648401826484,0.004524886877828055,0.03076923076923077,0.02097902097902098,0.02120141342756184,0.009259259259259259,0.01729559748427673,0.012658227848101266,0.011164274322169059,0.015600624024960999,0.03954802259887006,0.02247191011235955,0.016548463356973995,0.0
Physiology,0.007407407407407408,0.0,0.008888888888888889,0.0,0.0030211480362537764,0.011111111111111112,0.0,0.0,0.0,0.0,0.0,0.0,0.0,0.0,0.0,0.03076923076923077,0.006993006993006993,0.01060070671378092,0.009259259259259259,0.007861635220125786,0.010126582278481013,0.017543859649122806,0.028081123244929798,0.01694915254237288,0.03889369057908384,0.03467297084318361,0.019801980198019802
Paleontology,0.0,0.0,0.0,0.0,0.0,0.0,0.0035211267605633804,0.0,0.012269938650306749,0.016563146997929608,0.009828009828009828,0.004901960784313725,0.006666666666666667,0.0,0.00904977375565611,0.011538461538461539,0.017482517482517484,0.01060070671378092,0.013888888888888888,0.01729559748427673,0.005063291139240506,0.03987240829346093,0.0187207488299532,0.007062146892655367,0.006050129645635264,0.007880220646178092,0.019801980198019802
Headmatter,0.0,0.003436426116838488,0.017777777777777778,0.009146341463414634,0.0030211480362537764,0.0,0.007042253521126761,0.005847953216374269,0.00408997955010225,0.012422360248447204,0.0171990171990172,0.014705882352941176,0.013333333333333334,0.0045662100456621,0.0,0.0,0.01048951048951049,0.01060070671378092,0.009259259259259259,0.012578616352201259,0.012658227848101266,0.02073365231259968,0.0218408736349454,0.01977401129943503,0.011235955056179775,0.005516154452324665,0.0
Neurology,0.0,0.003436426116838488,0.0044444444444444444,0.0,0.006042296072507553,0.011111111111111112,0.017605633802816902,0.0,0.002044989775051125,0.0,0.019656019656019656,0.004901960784313725,0.006666666666666667,0.0091324200913242,0.049773755656108594,0.015384615384615385,0.027972027972027972,0.007067137809187279,0.009259259259259259,0.02358490566037736,0.021518987341772152,0.02073365231259968,0.0171606864274571,0.0423728813559322,0.012100259291270527,0.013396375098502758,0.019801980198019802
Biology 2,0.14444444444444443,0.16151202749140894,0.12,0.1798780487804878,0.1661631419939577,0.08888888888888889,0.08450704225352113,0.11695906432748537,0.12678936605316973,0.07867494824016563,0.07862407862407862,0.06372549019607843,0.04666666666666667,0.0319634703196347,0.049773755656108594,0.06153846153846154,0.027972027972027972,0.0706713780918728,0.13425925925925927,0.0880503144654088,0.043037974683544304,0.028708133971291867,0.0234009360374415,0.0211864406779661,0.006050129645635264,0.01103230890464933,0.009900990099009901
Botany 2,0.09259259259259259,0.11683848797250859,0.05333333333333334,0.10975609756097561,0.04833836858006042,0.08888888888888889,0.07042253521126761,0.03216374269005848,0.05930470347648262,0.047619047619047616,0.02702702702702703,0.03431372549019608,0.04,0.0182648401826484,0.049773755656108594,0.011538461538461539,0.006993006993006993,0.0035335689045936395,0.0,0.009433962264150943,0.005063291139240506,0.022328548644338118,0.0,0.00423728813559322,0.00432152117545376,0.003940110323089046,0.0
Anatomy 2,0.0,0.0,0.0044444444444444444,0.01524390243902439,0.006042296072507553,0.022222222222222223,0.02112676056338028,0.014619883040935672,0.012269938650306749,0.010351966873706004,0.014742014742014743,0.012254901960784314,0.01,0.0182648401826484,0.04072398190045249,0.026923076923076925,0.03496503496503497,0.0035335689045936395,0.009259259259259259,0.0110062893081761,0.013924050632911392,0.022328548644338118,0.0187207488299532,0.014124293785310734,0.005185825410544511,0.0070921985815602835,0.0297029702970297
Anatomy 1,0.0,0.0,0.0,0.0,0.0,0.005555555555555556,0.0,0.0,0.002044989775051125,0.0,0.0,0.0024509803921568627,0.0033333333333333335,0.0,0.00904977375565611,0.007692307692307693,0.0,0.0,0.013888888888888888,0.012578616352201259,0.007594936708860759,0.007974481658692184,0.0249609984399376,0.009887005649717515,0.00432152117545376,0.005516154452324665,0.009900990099009901
-----,-----,-----,-----,-----,-----,-----,-----,-----,-----,-----,-----,-----,-----,-----,-----,-----,-----,-----,-----,-----,-----,-----,-----,-----,-----,-----
-----,-----,-----,-----,-----,-----,-----,-----,-----,-----,-----,-----,-----,-----,-----,-----,-----,-----,-----,-----,-----,-----,-----,-----,-----,-----,-----
Total Primary Topics Appearing,9,9,12,13,9,12,13,11,17,14,16,14,17,16,18,17,17,21,22,28,29,29,29,27,27,25,21
Total Secondary Topics Appearing,15,18,19,19,21,20,21,18,24,23,26,24,24,23,25,24,24,25,25,30,30,30,29,30,30,30,23
Primary Topics/Article Ratio,0.03333333333333333,0.030927835051546393,0.05333333333333334,0.039634146341463415,0.027190332326283987,0.06666666666666667,0.045774647887323945,0.03216374269005848,0.034764826175869123,0.028985507246376812,0.03931203931203931,0.03431372549019608,0.056666666666666664,0.0730593607305936,0.08144796380090498,0.06538461538461539,0.05944055944055944,0.07420494699646643,0.10185185185185185,0.0440251572327044,0.03670886075949367,0.046251993620414676,0.0452418096723869,0.038135593220338986,0.023336214347450302,0.019700551615445233,0.2079207920792079
Secondary Topics/Article Ratio,0.05555555555555555,0.061855670103092786,0.08444444444444445,0.057926829268292686,0.0634441087613293,0.1111111111111111,0.07394366197183098,0.05263157894736842,0.049079754601226995,0.047619047619047616,0.06388206388206388,0.058823529411764705,0.08,0.1050228310502283,0.11312217194570136,0.09230769230769231,0.08391608391608392,0.08833922261484099,0.11574074074074074,0.04716981132075472,0.0379746835443038,0.04784688995215311,0.0452418096723869,0.0423728813559322,0.02592912705272256,0.02364066193853428,0.22772277227722773
